USE PRN211_Online_English_Quiz;

--Table User
INSERT INTO [User] ([username], [password], [displayName], [email], [registrationDate]) VALUES ('huyenntk', '123', N'Nguyễn Thị Khánh Huyền', '@gmail.com', '11/4/2023');
INSERT INTO [User] ([username], [password], [displayName], [email], [registrationDate]) VALUES ('phuonghm', '123', N'Hoàng Mai Phương', '@gmail.com', '11/4/2023');
INSERT INTO [User] ([username], [password], [displayName], [email], [registrationDate]) VALUES ('duckm', '123', N'Khiếu Minh Đức', '@gmail.com', '11/4/2023');
INSERT INTO [User] ([username], [password], [displayName], [email], [registrationDate]) VALUES ('giangpt', '123', N'Phạm Trường Giang', '@gmail.com', '11/4/2023');
INSERT INTO [User] ([username], [password], [displayName], [email], [registrationDate]) VALUES ('duongpt', '123', N'Phạm Tuấn Dương', '@gmail.com', '11/4/2023');
INSERT INTO [User] ([username], [password], [displayName], [email], [registrationDate]) VALUES ('anbv', '123', N'Bùi Văn An', '@gmail.com', '11/4/2023');
INSERT INTO [User] ([username], [password], [displayName], [email], [registrationDate]) VALUES ('nhatvn', '123', N'Vũ Ngọc Nhất', '@gmail.com', '11/4/2023');
INSERT INTO [User] ([username], [password], [displayName], [email], [registrationDate]) VALUES ('phucvd', '123', N'Vũ Duy Phúc', '@gmail.com', '11/4/2023');
INSERT INTO [User] ([username], [password], [displayName], [email], [registrationDate]) VALUES ('hoavt', '123', N'Vũ Tiến Hòa', '@gmail.com', '11/4/2023');
INSERT INTO [User] ([username], [password], [displayName], [email], [registrationDate]) VALUES ('admin', '123', 'admin', 'admin@gmail.com', '11/4/2023');


--Table Role
INSERT INTO [Role] ([roleId], [roleName]) VALUES ('1', 'User');
INSERT INTO [Role] ([roleId], [roleName]) VALUES ('2', 'Admin');

--Table UserRole
INSERT INTO [UserRole] ([username], [roleId]) VALUES ('huyenntk', '1');
INSERT INTO [UserRole] ([username], [roleId]) VALUES ('phuonghm', '1');
INSERT INTO [UserRole] ([username], [roleId]) VALUES ('duckm', '1');
INSERT INTO [UserRole] ([username], [roleId]) VALUES ('giangpt', '1');
INSERT INTO [UserRole] ([username], [roleId]) VALUES ('duongpt', '1');
INSERT INTO [UserRole] ([username], [roleId]) VALUES ('anbv', '1');
INSERT INTO [UserRole] ([username], [roleId]) VALUES ('nhatvn', '1');
INSERT INTO [UserRole] ([username], [roleId]) VALUES ('phucvd', '1');
INSERT INTO [UserRole] ([username], [roleId]) VALUES ('hoavt', '1');
INSERT INTO [UserRole] ([username], [roleId]) VALUES ('admin', '2');

--Quiz
INSERT INTO [Quiz] ([quizTitle], [quizDescription], [created_by]) VALUES ('Quantifiers 2 Test A1 - A2 Grammar Exercises', '', 'admin');
INSERT INTO [Quiz] ([quizTitle], [quizDescription], [created_by]) VALUES ('A2 B1 Level Grammar Tests', '', 'admin');
INSERT INTO [Quiz] ([quizTitle], [quizDescription], [created_by]) VALUES ('Elementary English Grammar Tests', '', 'admin');
INSERT INTO [Quiz] ([quizTitle], [quizDescription], [created_by]) VALUES ('Pre-Intermediate English Grammar Tests', '', 'admin');
INSERT INTO [Quiz] ([quizTitle], [quizDescription], [created_by]) VALUES ('Intermediate English Grammar Tests', '', 'admin');
INSERT INTO [Quiz] ([quizTitle], [quizDescription], [created_by]) VALUES ('Upper Intermediate English Grammar Tests', '', 'admin');
INSERT INTO [Quiz] ([quizTitle], [quizDescription], [created_by]) VALUES ('Advanced English Grammar Tests', '', 'admin');
INSERT INTO [Quiz] ([quizTitle], [quizDescription], [created_by]) VALUES ('Adjectives and Adverbs Tests', '', 'admin');
INSERT INTO [Quiz] ([quizTitle], [quizDescription], [created_by]) VALUES ('Adverbial Clauses Tests', '', 'admin');
INSERT INTO [Quiz] ([quizTitle], [quizDescription], [created_by]) VALUES ('Articles Tests', '', 'admin');
INSERT INTO [Quiz] ([quizTitle], [quizDescription], [created_by]) VALUES ('Causatives Tests', '', 'admin');
INSERT INTO [Quiz] ([quizTitle], [quizDescription], [created_by]) VALUES ('Conditionals (If Clauses) Tests', '', 'admin');

--Question
INSERT INTO [Question] ([questionText]) VALUES ('Aaron and Milan are friends and _______ of them go to the same school. They are classmates, too.');
INSERT INTO [Question] ([questionText]) VALUES ('A: There are four radios in the attic.  \nB: Yes, but _______ of them work. They are _______ broken');
INSERT INTO [Question] ([questionText]) VALUES ('A: I have got two dictionaries, but _______ of them include the meaning of that word in it. \nB: You can look it up in an online dictionary then.');
INSERT INTO [Question] ([questionText]) VALUES ('Hans and Klaus are from Germany, and _______ them are from the city of Frankfurt');
INSERT INTO [Question] ([questionText]) VALUES ('A: _______ the pancakes are burnt. \nB: Still, Hillary has eaten five of them');
INSERT INTO [Question] ([questionText]) VALUES ('Nancy and Jenny are 27 years old and they are _______ bankers.');
INSERT INTO [Question] ([questionText]) VALUES ('_______ the eleven footballers in the team were happy about the final score _______ of them were sad\');
INSERT INTO [Question] ([questionText]) VALUES ('Ryan bought two blankets yesterday and he has already washed _______ them');
INSERT INTO [Question] ([questionText]) VALUES ('Linda will invite _______ her neighbours over for dinner. She thinks there will be more than fifteen people');
INSERT INTO [Question] ([questionText]) VALUES ('He gave me two music CDs, but I liked _______ them');
INSERT INTO [Question] ([questionText]) VALUES ('A: Which of the last 2 episodes did you like?\nB: _______  them. I think _______ of them were very boring');
INSERT INTO [Question] ([questionText]) VALUES ('Samuel bought some sweets from the shop, and he ate _______ them in 2 hours');
INSERT INTO [Question] ([questionText]) VALUES ('There are two slices of cake left on the plate. I''ll eat _______ them. You can have them');
INSERT INTO [Question] ([questionText]) VALUES ('A: Are _______ the cupboards empty?\nB: No, Only the one on the left is empty. There are plates inside the other one');
INSERT INTO [Question] ([questionText]) VALUES ('She has got lots of books in her bookcase, and she has read _______ them');
INSERT INTO [Question] ([questionText]) VALUES ('Kyle has tried many shoes on for the last two hours, but _______ of them fit him');
INSERT INTO [Question] ([questionText]) VALUES ('_______ the paintings are exceptionally beautiful, but I love _______ them');
INSERT INTO [Question] ([questionText]) VALUES ('_______ the apples in the basket are rotten, so I can use _______ them for the pie');
INSERT INTO [Question] ([questionText]) VALUES ('He wrote hundreds of poems, but he published _______ them');
INSERT INTO [Question] ([questionText]) VALUES ('_______ of the five girls has short black hair. _______ of them have long brown hair');

--Answer
INSERT INTO [Answer] ([questionId], [answerText], [isCorrectAnswer]) VALUES ('1', 'none', '0');
INSERT INTO [Answer] ([questionId], [answerText], [isCorrectAnswer]) VALUES ('1', 'both', '1');
INSERT INTO [Answer] ([questionId], [answerText], [isCorrectAnswer]) VALUES ('1', 'all', '0');
INSERT INTO [Answer] ([questionId], [answerText], [isCorrectAnswer]) VALUES ('1', 'neither', '0');
INSERT INTO [Answer] ([questionId], [answerText], [isCorrectAnswer]) VALUES ('2', 'neither /none', '0');
INSERT INTO [Answer] ([questionId], [answerText], [isCorrectAnswer]) VALUES ('2', 'all/both', '0');
INSERT INTO [Answer] ([questionId], [answerText], [isCorrectAnswer]) VALUES ('2', 'both/neither', '0');
INSERT INTO [Answer] ([questionId], [answerText], [isCorrectAnswer]) VALUES ('2', 'none/all', '1');
INSERT INTO [Answer] ([questionId], [answerText], [isCorrectAnswer]) VALUES ('3', 'none', '0');
INSERT INTO [Answer] ([questionId], [answerText], [isCorrectAnswer]) VALUES ('3', 'both', '0');
INSERT INTO [Answer] ([questionId], [answerText], [isCorrectAnswer]) VALUES ('3', 'neither', '1');
INSERT INTO [Answer] ([questionId], [answerText], [isCorrectAnswer]) VALUES ('3', 'all', '0');
INSERT INTO [Answer] ([questionId], [answerText], [isCorrectAnswer]) VALUES ('4', 'both of', '1');
INSERT INTO [Answer] ([questionId], [answerText], [isCorrectAnswer]) VALUES ('4', 'all', '0');
INSERT INTO [Answer] ([questionId], [answerText], [isCorrectAnswer]) VALUES ('4', 'none of', '0');
INSERT INTO [Answer] ([questionId], [answerText], [isCorrectAnswer]) VALUES ('4', 'neither', '0');
INSERT INTO [Answer] ([questionId], [answerText], [isCorrectAnswer]) VALUES ('5', 'Both of', '0');
INSERT INTO [Answer] ([questionId], [answerText], [isCorrectAnswer]) VALUES ('5', 'None of', '0');
INSERT INTO [Answer] ([questionId], [answerText], [isCorrectAnswer]) VALUES ('5', 'All of', '1');
INSERT INTO [Answer] ([questionId], [answerText], [isCorrectAnswer]) VALUES ('5', 'Neither of', '0');
INSERT INTO [Answer] ([questionId], [answerText], [isCorrectAnswer]) VALUES ('6', 'neither of', '0');
INSERT INTO [Answer] ([questionId], [answerText], [isCorrectAnswer]) VALUES ('6', 'both', '1');
INSERT INTO [Answer] ([questionId], [answerText], [isCorrectAnswer]) VALUES ('6', 'none', '0');
INSERT INTO [Answer] ([questionId], [answerText], [isCorrectAnswer]) VALUES ('6', 'all of', '0');
INSERT INTO [Answer] ([questionId], [answerText], [isCorrectAnswer]) VALUES ('7', 'None of/All', '1');
INSERT INTO [Answer] ([questionId], [answerText], [isCorrectAnswer]) VALUES ('7', 'Both/None', '0');
INSERT INTO [Answer] ([questionId], [answerText], [isCorrectAnswer]) VALUES ('7', 'Neither of/ Both', '0');
INSERT INTO [Answer] ([questionId], [answerText], [isCorrectAnswer]) VALUES ('7', 'All/ Neither', '0');
INSERT INTO [Answer] ([questionId], [answerText], [isCorrectAnswer]) VALUES ('8', 'both of', '1');
INSERT INTO [Answer] ([questionId], [answerText], [isCorrectAnswer]) VALUES ('8', 'none of', '0');
INSERT INTO [Answer] ([questionId], [answerText], [isCorrectAnswer]) VALUES ('8', 'neither', '0');
INSERT INTO [Answer] ([questionId], [answerText], [isCorrectAnswer]) VALUES ('8', 'all', '0');
INSERT INTO [Answer] ([questionId], [answerText], [isCorrectAnswer]) VALUES ('9', 'all of', '1');
INSERT INTO [Answer] ([questionId], [answerText], [isCorrectAnswer]) VALUES ('9', 'neither of', '0');
INSERT INTO [Answer] ([questionId], [answerText], [isCorrectAnswer]) VALUES ('9', 'both of', '0');
INSERT INTO [Answer] ([questionId], [answerText], [isCorrectAnswer]) VALUES ('9', 'none of', '0');
INSERT INTO [Answer] ([questionId], [answerText], [isCorrectAnswer]) VALUES ('10', 'all', '0');
INSERT INTO [Answer] ([questionId], [answerText], [isCorrectAnswer]) VALUES ('10', 'neither of', '1');
INSERT INTO [Answer] ([questionId], [answerText], [isCorrectAnswer]) VALUES ('10', 'both', '0');
INSERT INTO [Answer] ([questionId], [answerText], [isCorrectAnswer]) VALUES ('10', 'none of', '0');
INSERT INTO [Answer] ([questionId], [answerText], [isCorrectAnswer]) VALUES ('11', 'Neither of/both', '1');
INSERT INTO [Answer] ([questionId], [answerText], [isCorrectAnswer]) VALUES ('11', 'Both of/ none', '0');
INSERT INTO [Answer] ([questionId], [answerText], [isCorrectAnswer]) VALUES ('11', 'All /neither', '0');
INSERT INTO [Answer] ([questionId], [answerText], [isCorrectAnswer]) VALUES ('11', 'None / all', '0');
INSERT INTO [Answer] ([questionId], [answerText], [isCorrectAnswer]) VALUES ('12', 'none', '0');
INSERT INTO [Answer] ([questionId], [answerText], [isCorrectAnswer]) VALUES ('12', 'both of', '0');
INSERT INTO [Answer] ([questionId], [answerText], [isCorrectAnswer]) VALUES ('12', 'all of', '1');
INSERT INTO [Answer] ([questionId], [answerText], [isCorrectAnswer]) VALUES ('12', 'neither', '0');
INSERT INTO [Answer] ([questionId], [answerText], [isCorrectAnswer]) VALUES ('13', 'none of', '0');
INSERT INTO [Answer] ([questionId], [answerText], [isCorrectAnswer]) VALUES ('13', 'both', '0');
INSERT INTO [Answer] ([questionId], [answerText], [isCorrectAnswer]) VALUES ('13', 'neither of', '1');
INSERT INTO [Answer] ([questionId], [answerText], [isCorrectAnswer]) VALUES ('13', 'all', '0');
INSERT INTO [Answer] ([questionId], [answerText], [isCorrectAnswer]) VALUES ('14', 'all of', '0');
INSERT INTO [Answer] ([questionId], [answerText], [isCorrectAnswer]) VALUES ('14', 'neither', '0');
INSERT INTO [Answer] ([questionId], [answerText], [isCorrectAnswer]) VALUES ('14', 'both of', '1');
INSERT INTO [Answer] ([questionId], [answerText], [isCorrectAnswer]) VALUES ('14', 'none', '0');
INSERT INTO [Answer] ([questionId], [answerText], [isCorrectAnswer]) VALUES ('15', 'all of', '1');
INSERT INTO [Answer] ([questionId], [answerText], [isCorrectAnswer]) VALUES ('15', 'both of', '0');
INSERT INTO [Answer] ([questionId], [answerText], [isCorrectAnswer]) VALUES ('15', 'none', '0');
INSERT INTO [Answer] ([questionId], [answerText], [isCorrectAnswer]) VALUES ('15', 'neither', '0');
INSERT INTO [Answer] ([questionId], [answerText], [isCorrectAnswer]) VALUES ('16', 'all', '0');
INSERT INTO [Answer] ([questionId], [answerText], [isCorrectAnswer]) VALUES ('16', 'both', '0');
INSERT INTO [Answer] ([questionId], [answerText], [isCorrectAnswer]) VALUES ('16', 'none ', '1');
INSERT INTO [Answer] ([questionId], [answerText], [isCorrectAnswer]) VALUES ('16', 'neither', '0');
INSERT INTO [Answer] ([questionId], [answerText], [isCorrectAnswer]) VALUES ('17', 'neither of/ both of', '1');
INSERT INTO [Answer] ([questionId], [answerText], [isCorrectAnswer]) VALUES ('17', 'both of/ none of', '0');
INSERT INTO [Answer] ([questionId], [answerText], [isCorrectAnswer]) VALUES ('17', 'all of /all', '0');
INSERT INTO [Answer] ([questionId], [answerText], [isCorrectAnswer]) VALUES ('17', 'none of / neither', '0');
INSERT INTO [Answer] ([questionId], [answerText], [isCorrectAnswer]) VALUES ('18', 'Both /neither', '0');
INSERT INTO [Answer] ([questionId], [answerText], [isCorrectAnswer]) VALUES ('18', 'All of/none of', '1');
INSERT INTO [Answer] ([questionId], [answerText], [isCorrectAnswer]) VALUES ('18', 'None of/ both', '0');
INSERT INTO [Answer] ([questionId], [answerText], [isCorrectAnswer]) VALUES ('18', 'Neither / All of', '0');
INSERT INTO [Answer] ([questionId], [answerText], [isCorrectAnswer]) VALUES ('19', 'all', '0');
INSERT INTO [Answer] ([questionId], [answerText], [isCorrectAnswer]) VALUES ('19', 'neither of', '0');
INSERT INTO [Answer] ([questionId], [answerText], [isCorrectAnswer]) VALUES ('19', 'none of', '1');
INSERT INTO [Answer] ([questionId], [answerText], [isCorrectAnswer]) VALUES ('19', 'both', '0');
INSERT INTO [Answer] ([questionId], [answerText], [isCorrectAnswer]) VALUES ('20', 'Neither/ Both', '0');
INSERT INTO [Answer] ([questionId], [answerText], [isCorrectAnswer]) VALUES ('20', 'All/ Neither', '0');
INSERT INTO [Answer] ([questionId], [answerText], [isCorrectAnswer]) VALUES ('20', 'both/ None', '0');
INSERT INTO [Answer] ([questionId], [answerText], [isCorrectAnswer]) VALUES ('20', 'none/ all', '1');

--QuizQuestion
INSERT INTO [QuizQuestion] ([quizId], [questionId]) VALUES ('1', '11');
INSERT INTO [QuizQuestion] ([quizId], [questionId]) VALUES ('1', '10');
INSERT INTO [QuizQuestion] ([quizId], [questionId]) VALUES ('1', '19');
INSERT INTO [QuizQuestion] ([quizId], [questionId]) VALUES ('1', '12');
INSERT INTO [QuizQuestion] ([quizId], [questionId]) VALUES ('1', '4');
INSERT INTO [QuizQuestion] ([quizId], [questionId]) VALUES ('1', '18');
INSERT INTO [QuizQuestion] ([quizId], [questionId]) VALUES ('1', '6');
INSERT INTO [QuizQuestion] ([quizId], [questionId]) VALUES ('1', '15');
INSERT INTO [QuizQuestion] ([quizId], [questionId]) VALUES ('1', '5');
INSERT INTO [QuizQuestion] ([quizId], [questionId]) VALUES ('1', '2');
INSERT INTO [QuizQuestion] ([quizId], [questionId]) VALUES ('1', '19');
INSERT INTO [QuizQuestion] ([quizId], [questionId]) VALUES ('2', '7');
INSERT INTO [QuizQuestion] ([quizId], [questionId]) VALUES ('2', '11');
INSERT INTO [QuizQuestion] ([quizId], [questionId]) VALUES ('2', '3');
INSERT INTO [QuizQuestion] ([quizId], [questionId]) VALUES ('2', '7');
INSERT INTO [QuizQuestion] ([quizId], [questionId]) VALUES ('2', '20');
INSERT INTO [QuizQuestion] ([quizId], [questionId]) VALUES ('2', '18');
INSERT INTO [QuizQuestion] ([quizId], [questionId]) VALUES ('2', '15');
INSERT INTO [QuizQuestion] ([quizId], [questionId]) VALUES ('2', '18');
INSERT INTO [QuizQuestion] ([quizId], [questionId]) VALUES ('2', '15');
INSERT INTO [QuizQuestion] ([quizId], [questionId]) VALUES ('2', '17');
INSERT INTO [QuizQuestion] ([quizId], [questionId]) VALUES ('2', '18');
INSERT INTO [QuizQuestion] ([quizId], [questionId]) VALUES ('3', '9');
INSERT INTO [QuizQuestion] ([quizId], [questionId]) VALUES ('3', '12');
INSERT INTO [QuizQuestion] ([quizId], [questionId]) VALUES ('3', '19');
INSERT INTO [QuizQuestion] ([quizId], [questionId]) VALUES ('3', '11');
INSERT INTO [QuizQuestion] ([quizId], [questionId]) VALUES ('3', '15');
INSERT INTO [QuizQuestion] ([quizId], [questionId]) VALUES ('3', '17');
INSERT INTO [QuizQuestion] ([quizId], [questionId]) VALUES ('3', '16');
INSERT INTO [QuizQuestion] ([quizId], [questionId]) VALUES ('3', '1');
INSERT INTO [QuizQuestion] ([quizId], [questionId]) VALUES ('3', '4');
INSERT INTO [QuizQuestion] ([quizId], [questionId]) VALUES ('3', '6');
INSERT INTO [QuizQuestion] ([quizId], [questionId]) VALUES ('3', '18');
INSERT INTO [QuizQuestion] ([quizId], [questionId]) VALUES ('4', '2');
INSERT INTO [QuizQuestion] ([quizId], [questionId]) VALUES ('4', '7');
INSERT INTO [QuizQuestion] ([quizId], [questionId]) VALUES ('4', '6');
INSERT INTO [QuizQuestion] ([quizId], [questionId]) VALUES ('4', '2');
INSERT INTO [QuizQuestion] ([quizId], [questionId]) VALUES ('4', '7');
INSERT INTO [QuizQuestion] ([quizId], [questionId]) VALUES ('4', '14');
INSERT INTO [QuizQuestion] ([quizId], [questionId]) VALUES ('4', '9');
INSERT INTO [QuizQuestion] ([quizId], [questionId]) VALUES ('4', '1');
INSERT INTO [QuizQuestion] ([quizId], [questionId]) VALUES ('4', '18');
INSERT INTO [QuizQuestion] ([quizId], [questionId]) VALUES ('4', '18');
INSERT INTO [QuizQuestion] ([quizId], [questionId]) VALUES ('4', '1');
INSERT INTO [QuizQuestion] ([quizId], [questionId]) VALUES ('5', '12');
INSERT INTO [QuizQuestion] ([quizId], [questionId]) VALUES ('5', '8');
INSERT INTO [QuizQuestion] ([quizId], [questionId]) VALUES ('5', '20');
INSERT INTO [QuizQuestion] ([quizId], [questionId]) VALUES ('5', '17');
INSERT INTO [QuizQuestion] ([quizId], [questionId]) VALUES ('5', '2');
INSERT INTO [QuizQuestion] ([quizId], [questionId]) VALUES ('5', '3');
INSERT INTO [QuizQuestion] ([quizId], [questionId]) VALUES ('5', '6');
INSERT INTO [QuizQuestion] ([quizId], [questionId]) VALUES ('5', '20');
INSERT INTO [QuizQuestion] ([quizId], [questionId]) VALUES ('5', '4');
INSERT INTO [QuizQuestion] ([quizId], [questionId]) VALUES ('5', '19');
INSERT INTO [QuizQuestion] ([quizId], [questionId]) VALUES ('5', '16');
INSERT INTO [QuizQuestion] ([quizId], [questionId]) VALUES ('6', '15');
INSERT INTO [QuizQuestion] ([quizId], [questionId]) VALUES ('6', '11');
INSERT INTO [QuizQuestion] ([quizId], [questionId]) VALUES ('6', '8');
INSERT INTO [QuizQuestion] ([quizId], [questionId]) VALUES ('6', '3');
INSERT INTO [QuizQuestion] ([quizId], [questionId]) VALUES ('6', '18');
INSERT INTO [QuizQuestion] ([quizId], [questionId]) VALUES ('6', '6');
INSERT INTO [QuizQuestion] ([quizId], [questionId]) VALUES ('6', '16');
INSERT INTO [QuizQuestion] ([quizId], [questionId]) VALUES ('6', '2');
INSERT INTO [QuizQuestion] ([quizId], [questionId]) VALUES ('6', '16');
INSERT INTO [QuizQuestion] ([quizId], [questionId]) VALUES ('6', '4');
INSERT INTO [QuizQuestion] ([quizId], [questionId]) VALUES ('6', '10');
INSERT INTO [QuizQuestion] ([quizId], [questionId]) VALUES ('7', '19');
INSERT INTO [QuizQuestion] ([quizId], [questionId]) VALUES ('7', '20');
INSERT INTO [QuizQuestion] ([quizId], [questionId]) VALUES ('7', '5');
INSERT INTO [QuizQuestion] ([quizId], [questionId]) VALUES ('7', '10');
INSERT INTO [QuizQuestion] ([quizId], [questionId]) VALUES ('7', '1');
INSERT INTO [QuizQuestion] ([quizId], [questionId]) VALUES ('7', '4');
INSERT INTO [QuizQuestion] ([quizId], [questionId]) VALUES ('7', '2');
INSERT INTO [QuizQuestion] ([quizId], [questionId]) VALUES ('7', '8');
INSERT INTO [QuizQuestion] ([quizId], [questionId]) VALUES ('7', '7');
INSERT INTO [QuizQuestion] ([quizId], [questionId]) VALUES ('7', '17');
INSERT INTO [QuizQuestion] ([quizId], [questionId]) VALUES ('7', '1');
INSERT INTO [QuizQuestion] ([quizId], [questionId]) VALUES ('8', '7');
INSERT INTO [QuizQuestion] ([quizId], [questionId]) VALUES ('8', '9');
INSERT INTO [QuizQuestion] ([quizId], [questionId]) VALUES ('8', '20');
INSERT INTO [QuizQuestion] ([quizId], [questionId]) VALUES ('8', '11');
INSERT INTO [QuizQuestion] ([quizId], [questionId]) VALUES ('8', '15');
INSERT INTO [QuizQuestion] ([quizId], [questionId]) VALUES ('8', '11');
INSERT INTO [QuizQuestion] ([quizId], [questionId]) VALUES ('8', '16');
INSERT INTO [QuizQuestion] ([quizId], [questionId]) VALUES ('8', '15');
INSERT INTO [QuizQuestion] ([quizId], [questionId]) VALUES ('8', '6');
INSERT INTO [QuizQuestion] ([quizId], [questionId]) VALUES ('8', '1');
INSERT INTO [QuizQuestion] ([quizId], [questionId]) VALUES ('8', '19');
INSERT INTO [QuizQuestion] ([quizId], [questionId]) VALUES ('9', '11');
INSERT INTO [QuizQuestion] ([quizId], [questionId]) VALUES ('9', '5');
INSERT INTO [QuizQuestion] ([quizId], [questionId]) VALUES ('9', '20');
INSERT INTO [QuizQuestion] ([quizId], [questionId]) VALUES ('9', '11');
INSERT INTO [QuizQuestion] ([quizId], [questionId]) VALUES ('9', '20');
INSERT INTO [QuizQuestion] ([quizId], [questionId]) VALUES ('9', '10');
INSERT INTO [QuizQuestion] ([quizId], [questionId]) VALUES ('9', '10');
INSERT INTO [QuizQuestion] ([quizId], [questionId]) VALUES ('9', '15');
INSERT INTO [QuizQuestion] ([quizId], [questionId]) VALUES ('9', '3');
INSERT INTO [QuizQuestion] ([quizId], [questionId]) VALUES ('9', '2');
INSERT INTO [QuizQuestion] ([quizId], [questionId]) VALUES ('9', '10');
INSERT INTO [QuizQuestion] ([quizId], [questionId]) VALUES ('10', '2');
INSERT INTO [QuizQuestion] ([quizId], [questionId]) VALUES ('10', '6');
INSERT INTO [QuizQuestion] ([quizId], [questionId]) VALUES ('10', '5');
INSERT INTO [QuizQuestion] ([quizId], [questionId]) VALUES ('10', '20');
INSERT INTO [QuizQuestion] ([quizId], [questionId]) VALUES ('10', '9');
INSERT INTO [QuizQuestion] ([quizId], [questionId]) VALUES ('10', '15');
INSERT INTO [QuizQuestion] ([quizId], [questionId]) VALUES ('10', '15');
INSERT INTO [QuizQuestion] ([quizId], [questionId]) VALUES ('10', '14');
INSERT INTO [QuizQuestion] ([quizId], [questionId]) VALUES ('10', '1');
INSERT INTO [QuizQuestion] ([quizId], [questionId]) VALUES ('10', '12');
INSERT INTO [QuizQuestion] ([quizId], [questionId]) VALUES ('10', '18');
INSERT INTO [QuizQuestion] ([quizId], [questionId]) VALUES ('11', '17');
INSERT INTO [QuizQuestion] ([quizId], [questionId]) VALUES ('11', '17');
INSERT INTO [QuizQuestion] ([quizId], [questionId]) VALUES ('11', '5');
INSERT INTO [QuizQuestion] ([quizId], [questionId]) VALUES ('11', '17');
INSERT INTO [QuizQuestion] ([quizId], [questionId]) VALUES ('11', '7');
INSERT INTO [QuizQuestion] ([quizId], [questionId]) VALUES ('11', '19');
INSERT INTO [QuizQuestion] ([quizId], [questionId]) VALUES ('11', '6');
INSERT INTO [QuizQuestion] ([quizId], [questionId]) VALUES ('11', '10');
INSERT INTO [QuizQuestion] ([quizId], [questionId]) VALUES ('11', '19');
INSERT INTO [QuizQuestion] ([quizId], [questionId]) VALUES ('11', '7');
INSERT INTO [QuizQuestion] ([quizId], [questionId]) VALUES ('11', '14');
INSERT INTO [QuizQuestion] ([quizId], [questionId]) VALUES ('12', '11');
INSERT INTO [QuizQuestion] ([quizId], [questionId]) VALUES ('12', '15');
INSERT INTO [QuizQuestion] ([quizId], [questionId]) VALUES ('12', '5');
INSERT INTO [QuizQuestion] ([quizId], [questionId]) VALUES ('12', '13');
INSERT INTO [QuizQuestion] ([quizId], [questionId]) VALUES ('12', '17');
INSERT INTO [QuizQuestion] ([quizId], [questionId]) VALUES ('12', '17');
INSERT INTO [QuizQuestion] ([quizId], [questionId]) VALUES ('12', '16');
INSERT INTO [QuizQuestion] ([quizId], [questionId]) VALUES ('12', '7');
INSERT INTO [QuizQuestion] ([quizId], [questionId]) VALUES ('12', '19');
INSERT INTO [QuizQuestion] ([quizId], [questionId]) VALUES ('12', '15');
INSERT INTO [QuizQuestion] ([quizId], [questionId]) VALUES ('12', '9');
